[{"id":1,"label_id":"47-561-8310","shipping_tracking_code":"5796955810"},
{"id":2,"label_id":"26-053-8910","shipping_tracking_code":"1667895265"},
{"id":3,"label_id":"63-921-1364","shipping_tracking_code":"6955996673"},
{"id":4,"label_id":"94-748-4437","shipping_tracking_code":"7763306017"},
{"id":5,"label_id":"48-274-6904","shipping_tracking_code":"9627512362"},
{"id":6,"label_id":"41-269-0728","shipping_tracking_code":"2103126211"},
{"id":7,"label_id":"08-007-8234","shipping_tracking_code":"1907879587"},
{"id":8,"label_id":"22-252-1407","shipping_tracking_code":"6443728793"},
{"id":9,"label_id":"67-731-7537","shipping_tracking_code":"8932327408"},
{"id":10,"label_id":"70-692-6616","shipping_tracking_code":"7644434712"},
{"id":11,"label_id":"77-107-3273","shipping_tracking_code":"2721486322"},
{"id":12,"label_id":"89-648-6809","shipping_tracking_code":"7349568673"},
{"id":13,"label_id":"18-569-1686","shipping_tracking_code":"6661562641"},
{"id":14,"label_id":"64-727-1487","shipping_tracking_code":"2863522280"},
{"id":15,"label_id":"50-396-5401","shipping_tracking_code":"8443487275"},
{"id":16,"label_id":"41-403-8893","shipping_tracking_code":"2193666199"},
{"id":17,"label_id":"93-971-9111","shipping_tracking_code":"7964292102"},
{"id":18,"label_id":"13-298-2137","shipping_tracking_code":"2150695464"},
{"id":19,"label_id":"67-920-5507","shipping_tracking_code":"5266996374"},
{"id":20,"label_id":"41-672-0771","shipping_tracking_code":"6149931544"},
{"id":21,"label_id":"89-660-7565","shipping_tracking_code":"2506989323"},
{"id":22,"label_id":"40-159-9904","shipping_tracking_code":"1922360791"},
{"id":23,"label_id":"75-181-4591","shipping_tracking_code":"9719543728"},
{"id":24,"label_id":"84-948-9698","shipping_tracking_code":"8528592634"},
{"id":25,"label_id":"25-911-2648","shipping_tracking_code":"6504264899"},
{"id":26,"label_id":"72-435-3463","shipping_tracking_code":"1248809815"},
{"id":27,"label_id":"18-724-9313","shipping_tracking_code":"3565002239"},
{"id":28,"label_id":"09-883-9849","shipping_tracking_code":"5332360231"},
{"id":29,"label_id":"42-512-9123","shipping_tracking_code":"9029481846"},
{"id":30,"label_id":"30-607-6274","shipping_tracking_code":"2078782890"},
{"id":31,"label_id":"77-741-7003","shipping_tracking_code":"9224823459"},
{"id":32,"label_id":"07-606-5077","shipping_tracking_code":"8178323079"},
{"id":33,"label_id":"91-003-0940","shipping_tracking_code":"1327786702"},
{"id":34,"label_id":"85-175-3988","shipping_tracking_code":"7004856747"},
{"id":35,"label_id":"95-891-6106","shipping_tracking_code":"8765682726"},
{"id":36,"label_id":"36-119-7732","shipping_tracking_code":"1641346558"},
{"id":37,"label_id":"31-923-0814","shipping_tracking_code":"7919807409"},
{"id":38,"label_id":"25-582-3760","shipping_tracking_code":"6088222719"},
{"id":39,"label_id":"11-881-7758","shipping_tracking_code":"2529090114"},
{"id":40,"label_id":"78-526-2537","shipping_tracking_code":"5786537404"},
{"id":41,"label_id":"89-192-6654","shipping_tracking_code":"3404741153"},
{"id":42,"label_id":"60-283-6914","shipping_tracking_code":"1348975318"},
{"id":43,"label_id":"29-111-9509","shipping_tracking_code":"8671404021"},
{"id":44,"label_id":"60-769-3576","shipping_tracking_code":"1619547732"},
{"id":45,"label_id":"53-952-8343","shipping_tracking_code":"8883256050"},
{"id":46,"label_id":"71-374-0283","shipping_tracking_code":"2376035082"},
{"id":47,"label_id":"11-041-3066","shipping_tracking_code":"1842047922"},
{"id":48,"label_id":"80-915-9749","shipping_tracking_code":"3863967372"},
{"id":49,"label_id":"18-699-1832","shipping_tracking_code":"2738431798"},
{"id":50,"label_id":"88-576-8056","shipping_tracking_code":"5912482413"},
{"id":51,"label_id":"61-329-3543","shipping_tracking_code":"9686249079"},
{"id":52,"label_id":"95-984-3593","shipping_tracking_code":"5070203037"},
{"id":53,"label_id":"61-745-6369","shipping_tracking_code":"7734041124"},
{"id":54,"label_id":"16-518-2434","shipping_tracking_code":"6957581810"},
{"id":55,"label_id":"97-769-1591","shipping_tracking_code":"0428768202"},
{"id":56,"label_id":"81-617-2866","shipping_tracking_code":"1565635558"},
{"id":57,"label_id":"20-038-3844","shipping_tracking_code":"8265640420"},
{"id":58,"label_id":"83-130-0641","shipping_tracking_code":"9273938329"},
{"id":59,"label_id":"93-964-5928","shipping_tracking_code":"7231819079"},
{"id":60,"label_id":"72-873-1211","shipping_tracking_code":"2236707037"},
{"id":61,"label_id":"78-871-3447","shipping_tracking_code":"2814373803"},
{"id":62,"label_id":"17-143-9057","shipping_tracking_code":"5555242328"},
{"id":63,"label_id":"38-752-5125","shipping_tracking_code":"9485204701"},
{"id":64,"label_id":"70-954-3587","shipping_tracking_code":"3487442477"},
{"id":65,"label_id":"61-771-0845","shipping_tracking_code":"6930611174"},
{"id":66,"label_id":"26-091-8944","shipping_tracking_code":"3916833510"},
{"id":67,"label_id":"72-689-4824","shipping_tracking_code":"7897334856"},
{"id":68,"label_id":"57-680-5049","shipping_tracking_code":"0465907490"},
{"id":69,"label_id":"68-212-1506","shipping_tracking_code":"6397364593"},
{"id":70,"label_id":"94-243-2232","shipping_tracking_code":"1390631524"},
{"id":71,"label_id":"81-614-9485","shipping_tracking_code":"1008491438"},
{"id":72,"label_id":"08-875-4097","shipping_tracking_code":"6669477872"},
{"id":73,"label_id":"84-541-4233","shipping_tracking_code":"7906335759"},
{"id":74,"label_id":"23-283-5090","shipping_tracking_code":"2383635693"},
{"id":75,"label_id":"66-374-2609","shipping_tracking_code":"2648419527"},
{"id":76,"label_id":"82-395-4437","shipping_tracking_code":"6577931410"},
{"id":77,"label_id":"90-814-9987","shipping_tracking_code":"7379576720"},
{"id":78,"label_id":"04-937-5999","shipping_tracking_code":"1589458397"},
{"id":79,"label_id":"94-296-4554","shipping_tracking_code":"2045787745"},
{"id":80,"label_id":"91-431-7549","shipping_tracking_code":"8276836615"},
{"id":81,"label_id":"38-961-0054","shipping_tracking_code":"8403259395"},
{"id":82,"label_id":"58-042-1193","shipping_tracking_code":"5182987471"},
{"id":83,"label_id":"54-804-1281","shipping_tracking_code":"0797221298"},
{"id":84,"label_id":"15-802-2548","shipping_tracking_code":"4980943942"},
{"id":85,"label_id":"32-966-7423","shipping_tracking_code":"5613265348"},
{"id":86,"label_id":"47-817-1373","shipping_tracking_code":"6152939933"},
{"id":87,"label_id":"43-913-1392","shipping_tracking_code":"0556483685"},
{"id":88,"label_id":"55-217-5437","shipping_tracking_code":"3238320742"},
{"id":89,"label_id":"12-368-2724","shipping_tracking_code":"2008718948"},
{"id":90,"label_id":"34-651-3697","shipping_tracking_code":"8488621132"},
{"id":91,"label_id":"00-845-8170","shipping_tracking_code":"9082109352"},
{"id":92,"label_id":"77-939-9978","shipping_tracking_code":"5839159484"},
{"id":93,"label_id":"97-342-4946","shipping_tracking_code":"7194083922"},
{"id":94,"label_id":"64-112-5013","shipping_tracking_code":"3627022165"},
{"id":95,"label_id":"71-358-9082","shipping_tracking_code":"5989562128"},
{"id":96,"label_id":"36-748-5813","shipping_tracking_code":"8457037374"},
{"id":97,"label_id":"60-856-8229","shipping_tracking_code":"1463270097"},
{"id":98,"label_id":"92-957-9954","shipping_tracking_code":"3691260543"},
{"id":99,"label_id":"00-250-6508","shipping_tracking_code":"5384226889"},
{"id":100,"label_id":"54-959-9512","shipping_tracking_code":"5559734772"},
{"id":101,"label_id":"41-131-3376","shipping_tracking_code":"4474566068"},
{"id":102,"label_id":"02-083-9981","shipping_tracking_code":"0500556792"},
{"id":103,"label_id":"10-528-5191","shipping_tracking_code":"7340829148"},
{"id":104,"label_id":"99-685-9086","shipping_tracking_code":"0754131823"},
{"id":105,"label_id":"42-823-1167","shipping_tracking_code":"2146480246"},
{"id":106,"label_id":"34-105-7044","shipping_tracking_code":"2288071680"},
{"id":107,"label_id":"11-137-1224","shipping_tracking_code":"5640156562"},
{"id":108,"label_id":"59-885-2078","shipping_tracking_code":"1292769017"},
{"id":109,"label_id":"88-478-2861","shipping_tracking_code":"3388409641"},
{"id":110,"label_id":"80-525-8229","shipping_tracking_code":"0107813068"},
{"id":111,"label_id":"74-106-6299","shipping_tracking_code":"4136937970"},
{"id":112,"label_id":"15-903-3776","shipping_tracking_code":"0673194841"},
{"id":113,"label_id":"92-919-0504","shipping_tracking_code":"9046148424"},
{"id":114,"label_id":"92-014-6564","shipping_tracking_code":"1783229993"},
{"id":115,"label_id":"48-196-2038","shipping_tracking_code":"8935629456"},
{"id":116,"label_id":"19-843-6687","shipping_tracking_code":"9120682565"},
{"id":117,"label_id":"12-103-5690","shipping_tracking_code":"5734404187"},
{"id":118,"label_id":"52-072-1991","shipping_tracking_code":"0972442138"},
{"id":119,"label_id":"15-299-8680","shipping_tracking_code":"7475846547"},
{"id":120,"label_id":"96-501-3427","shipping_tracking_code":"6939290710"},
{"id":121,"label_id":"25-203-0103","shipping_tracking_code":"7205681529"},
{"id":122,"label_id":"77-007-1137","shipping_tracking_code":"3351973217"},
{"id":123,"label_id":"32-391-1065","shipping_tracking_code":"6840771814"},
{"id":124,"label_id":"83-410-0197","shipping_tracking_code":"5661134975"},
{"id":125,"label_id":"58-332-3946","shipping_tracking_code":"2802652176"},
{"id":126,"label_id":"37-034-0524","shipping_tracking_code":"6045783700"},
{"id":127,"label_id":"99-446-2806","shipping_tracking_code":"7869806366"},
{"id":128,"label_id":"80-122-5282","shipping_tracking_code":"5430581720"},
{"id":129,"label_id":"48-806-2070","shipping_tracking_code":"0095633472"},
{"id":130,"label_id":"31-489-4527","shipping_tracking_code":"7389152745"},
{"id":131,"label_id":"90-421-1343","shipping_tracking_code":"8648517222"},
{"id":132,"label_id":"43-331-4788","shipping_tracking_code":"0411629530"},
{"id":133,"label_id":"01-622-6648","shipping_tracking_code":"5125017981"},
{"id":134,"label_id":"40-206-5971","shipping_tracking_code":"4760023003"},
{"id":135,"label_id":"45-319-9560","shipping_tracking_code":"9720330163"},
{"id":136,"label_id":"81-237-0258","shipping_tracking_code":"0632580445"},
{"id":137,"label_id":"04-712-4938","shipping_tracking_code":"5965475373"},
{"id":138,"label_id":"48-742-7368","shipping_tracking_code":"2826479504"},
{"id":139,"label_id":"48-168-2731","shipping_tracking_code":"3610553987"},
{"id":140,"label_id":"89-539-2987","shipping_tracking_code":"1823899188"},
{"id":141,"label_id":"00-914-6680","shipping_tracking_code":"6774054137"},
{"id":142,"label_id":"28-031-7542","shipping_tracking_code":"1620151510"},
{"id":143,"label_id":"66-715-7964","shipping_tracking_code":"2276678038"},
{"id":144,"label_id":"91-336-0961","shipping_tracking_code":"5565336791"},
{"id":145,"label_id":"14-184-5001","shipping_tracking_code":"6654885384"},
{"id":146,"label_id":"36-334-0929","shipping_tracking_code":"3544684055"},
{"id":147,"label_id":"22-322-5454","shipping_tracking_code":"9369010580"},
{"id":148,"label_id":"79-440-3122","shipping_tracking_code":"4068798672"},
{"id":149,"label_id":"04-204-0483","shipping_tracking_code":"8984344656"},
{"id":150,"label_id":"56-820-8189","shipping_tracking_code":"5802798904"},
{"id":151,"label_id":"74-355-4276","shipping_tracking_code":"6136165031"},
{"id":152,"label_id":"93-224-7317","shipping_tracking_code":"1169224075"},
{"id":153,"label_id":"88-736-7987","shipping_tracking_code":"4015937015"},
{"id":154,"label_id":"81-132-1143","shipping_tracking_code":"5489341904"},
{"id":155,"label_id":"93-769-3803","shipping_tracking_code":"2429924013"},
{"id":156,"label_id":"57-547-5509","shipping_tracking_code":"9342598005"},
{"id":157,"label_id":"17-653-8496","shipping_tracking_code":"3740766662"},
{"id":158,"label_id":"27-648-5993","shipping_tracking_code":"5931863443"},
{"id":159,"label_id":"43-003-2994","shipping_tracking_code":"7719292642"},
{"id":160,"label_id":"52-276-1427","shipping_tracking_code":"9624017824"},
{"id":161,"label_id":"61-161-8335","shipping_tracking_code":"1581353340"},
{"id":162,"label_id":"10-680-7453","shipping_tracking_code":"0234356618"},
{"id":163,"label_id":"29-364-0142","shipping_tracking_code":"5333792151"},
{"id":164,"label_id":"95-999-8819","shipping_tracking_code":"5497382592"},
{"id":165,"label_id":"60-623-1211","shipping_tracking_code":"3799802762"},
{"id":166,"label_id":"82-865-4833","shipping_tracking_code":"3439223914"},
{"id":167,"label_id":"30-568-0941","shipping_tracking_code":"4882250152"},
{"id":168,"label_id":"65-069-6273","shipping_tracking_code":"8240291619"},
{"id":169,"label_id":"30-518-6450","shipping_tracking_code":"2046989066"},
{"id":170,"label_id":"65-088-3485","shipping_tracking_code":"5289573992"},
{"id":171,"label_id":"40-480-8095","shipping_tracking_code":"7803562922"},
{"id":172,"label_id":"17-744-6826","shipping_tracking_code":"6631960010"},
{"id":173,"label_id":"45-214-1353","shipping_tracking_code":"1720588899"},
{"id":174,"label_id":"89-769-4329","shipping_tracking_code":"0550280340"},
{"id":175,"label_id":"61-982-3810","shipping_tracking_code":"2396339494"},
{"id":176,"label_id":"56-639-0179","shipping_tracking_code":"8691408758"},
{"id":177,"label_id":"81-858-5828","shipping_tracking_code":"5473607322"},
{"id":178,"label_id":"53-681-5104","shipping_tracking_code":"7918195140"},
{"id":179,"label_id":"46-631-1789","shipping_tracking_code":"2878396332"},
{"id":180,"label_id":"28-830-5182","shipping_tracking_code":"6211747977"},
{"id":181,"label_id":"09-248-2746","shipping_tracking_code":"0038450216"},
{"id":182,"label_id":"05-922-9225","shipping_tracking_code":"4849568424"},
{"id":183,"label_id":"94-024-9572","shipping_tracking_code":"9113362860"},
{"id":184,"label_id":"42-860-0438","shipping_tracking_code":"4537761083"},
{"id":185,"label_id":"83-556-6727","shipping_tracking_code":"6689674274"},
{"id":186,"label_id":"81-281-7810","shipping_tracking_code":"9986106192"},
{"id":187,"label_id":"34-147-2611","shipping_tracking_code":"0738327263"},
{"id":188,"label_id":"90-527-7167","shipping_tracking_code":"0763214477"},
{"id":189,"label_id":"29-248-3834","shipping_tracking_code":"5861407363"},
{"id":190,"label_id":"85-438-3307","shipping_tracking_code":"9555491992"},
{"id":191,"label_id":"33-003-4510","shipping_tracking_code":"8400080262"},
{"id":192,"label_id":"08-912-1401","shipping_tracking_code":"6117346972"},
{"id":193,"label_id":"32-903-8660","shipping_tracking_code":"6094393392"},
{"id":194,"label_id":"28-809-2617","shipping_tracking_code":"4936057851"},
{"id":195,"label_id":"95-849-0895","shipping_tracking_code":"9611917619"},
{"id":196,"label_id":"84-702-9153","shipping_tracking_code":"8839924353"},
{"id":197,"label_id":"64-120-0069","shipping_tracking_code":"9295789431"},
{"id":198,"label_id":"76-351-8095","shipping_tracking_code":"3502112916"},
{"id":199,"label_id":"03-456-1221","shipping_tracking_code":"8746675264"},
{"id":200,"label_id":"74-199-1451","shipping_tracking_code":"4798144398"},
{"id":201,"label_id":"52-109-3475","shipping_tracking_code":"6978000698"},
{"id":202,"label_id":"32-882-4744","shipping_tracking_code":"5099250491"},
{"id":203,"label_id":"60-944-0407","shipping_tracking_code":"2746344483"},
{"id":204,"label_id":"27-400-1746","shipping_tracking_code":"4155571552"},
{"id":205,"label_id":"98-940-3180","shipping_tracking_code":"3192503327"},
{"id":206,"label_id":"83-395-2126","shipping_tracking_code":"7921540228"},
{"id":207,"label_id":"51-621-3767","shipping_tracking_code":"2086413815"},
{"id":208,"label_id":"33-200-1111","shipping_tracking_code":"2364466342"},
{"id":209,"label_id":"84-292-6702","shipping_tracking_code":"0224717340"},
{"id":210,"label_id":"09-615-6494","shipping_tracking_code":"5812512582"},
{"id":211,"label_id":"53-099-3321","shipping_tracking_code":"5664018100"},
{"id":212,"label_id":"17-507-2762","shipping_tracking_code":"8675596243"},
{"id":213,"label_id":"35-815-1238","shipping_tracking_code":"1044777508"},
{"id":214,"label_id":"44-522-9180","shipping_tracking_code":"1323077057"},
{"id":215,"label_id":"52-974-5337","shipping_tracking_code":"7759033400"},
{"id":216,"label_id":"20-351-9280","shipping_tracking_code":"9282750213"},
{"id":217,"label_id":"53-876-4965","shipping_tracking_code":"5954884080"},
{"id":218,"label_id":"49-732-8994","shipping_tracking_code":"9443852977"},
{"id":219,"label_id":"62-050-4749","shipping_tracking_code":"8423723143"},
{"id":220,"label_id":"90-168-3866","shipping_tracking_code":"5299860722"},
{"id":221,"label_id":"09-116-4225","shipping_tracking_code":"2095691989"},
{"id":222,"label_id":"14-556-3067","shipping_tracking_code":"6037543305"},
{"id":223,"label_id":"46-209-1505","shipping_tracking_code":"9909277905"},
{"id":224,"label_id":"72-232-0271","shipping_tracking_code":"5430978515"},
{"id":225,"label_id":"96-476-7379","shipping_tracking_code":"8466162968"},
{"id":226,"label_id":"94-008-0397","shipping_tracking_code":"8370555993"},
{"id":227,"label_id":"09-429-1297","shipping_tracking_code":"5853383485"},
{"id":228,"label_id":"05-344-3223","shipping_tracking_code":"7642031645"},
{"id":229,"label_id":"47-438-7670","shipping_tracking_code":"5085350006"},
{"id":230,"label_id":"53-451-3219","shipping_tracking_code":"1648185509"},
{"id":231,"label_id":"70-564-3949","shipping_tracking_code":"2650532327"},
{"id":232,"label_id":"03-568-1644","shipping_tracking_code":"0651714060"},
{"id":233,"label_id":"52-400-7155","shipping_tracking_code":"9638634871"},
{"id":234,"label_id":"78-880-5373","shipping_tracking_code":"5564660838"},
{"id":235,"label_id":"45-488-0225","shipping_tracking_code":"5321642982"},
{"id":236,"label_id":"04-968-6664","shipping_tracking_code":"4085593943"},
{"id":237,"label_id":"03-996-3073","shipping_tracking_code":"6911937701"},
{"id":238,"label_id":"61-304-5149","shipping_tracking_code":"6233007569"},
{"id":239,"label_id":"56-541-3327","shipping_tracking_code":"4908274436"},
{"id":240,"label_id":"40-597-7565","shipping_tracking_code":"5372709308"},
{"id":241,"label_id":"43-820-5670","shipping_tracking_code":"4913070800"},
{"id":242,"label_id":"23-372-5274","shipping_tracking_code":"6596495027"},
{"id":243,"label_id":"68-330-4901","shipping_tracking_code":"8454584307"},
{"id":244,"label_id":"18-826-7674","shipping_tracking_code":"4588896938"},
{"id":245,"label_id":"53-033-5532","shipping_tracking_code":"9860466920"},
{"id":246,"label_id":"24-027-5184","shipping_tracking_code":"5581057338"},
{"id":247,"label_id":"24-990-4786","shipping_tracking_code":"8715911322"},
{"id":248,"label_id":"01-505-3812","shipping_tracking_code":"7415506286"},
{"id":249,"label_id":"25-552-8682","shipping_tracking_code":"0890973628"},
{"id":250,"label_id":"35-302-4364","shipping_tracking_code":"7730414783"},
{"id":251,"label_id":"39-555-2818","shipping_tracking_code":"3548040047"},
{"id":252,"label_id":"26-621-4902","shipping_tracking_code":"9647262388"},
{"id":253,"label_id":"27-385-9557","shipping_tracking_code":"9009498956"},
{"id":254,"label_id":"57-134-8472","shipping_tracking_code":"5723906127"},
{"id":255,"label_id":"98-395-5890","shipping_tracking_code":"2013854315"},
{"id":256,"label_id":"59-968-4904","shipping_tracking_code":"0300985398"},
{"id":257,"label_id":"09-245-6147","shipping_tracking_code":"5189506088"},
{"id":258,"label_id":"15-254-2707","shipping_tracking_code":"2930632917"},
{"id":259,"label_id":"52-542-9273","shipping_tracking_code":"8429778977"},
{"id":260,"label_id":"80-994-9117","shipping_tracking_code":"3682829385"},
{"id":261,"label_id":"18-504-9278","shipping_tracking_code":"3259391371"},
{"id":262,"label_id":"39-546-0085","shipping_tracking_code":"6208612470"},
{"id":263,"label_id":"28-299-9986","shipping_tracking_code":"3068979714"},
{"id":264,"label_id":"49-127-6283","shipping_tracking_code":"9294769178"},
{"id":265,"label_id":"38-362-4549","shipping_tracking_code":"9555884900"},
{"id":266,"label_id":"20-121-8445","shipping_tracking_code":"4076135873"},
{"id":267,"label_id":"51-139-1427","shipping_tracking_code":"5278963700"},
{"id":268,"label_id":"42-302-2944","shipping_tracking_code":"3727718226"},
{"id":269,"label_id":"90-609-5073","shipping_tracking_code":"4381292197"},
{"id":270,"label_id":"45-897-1164","shipping_tracking_code":"5330205069"},
{"id":271,"label_id":"58-580-4206","shipping_tracking_code":"7313649614"},
{"id":272,"label_id":"84-874-3244","shipping_tracking_code":"5662230862"},
{"id":273,"label_id":"06-800-0742","shipping_tracking_code":"7005064577"},
{"id":274,"label_id":"75-051-9726","shipping_tracking_code":"4485892557"},
{"id":275,"label_id":"95-041-5320","shipping_tracking_code":"5260837762"},
{"id":276,"label_id":"05-806-3022","shipping_tracking_code":"5275467273"},
{"id":277,"label_id":"45-291-2869","shipping_tracking_code":"5413760450"},
{"id":278,"label_id":"69-992-9312","shipping_tracking_code":"6559352080"},
{"id":279,"label_id":"33-702-4545","shipping_tracking_code":"3763033726"},
{"id":280,"label_id":"68-633-4571","shipping_tracking_code":"1034620800"},
{"id":281,"label_id":"60-507-6826","shipping_tracking_code":"9401887896"},
{"id":282,"label_id":"90-683-3549","shipping_tracking_code":"3590249420"},
{"id":283,"label_id":"95-776-1614","shipping_tracking_code":"1814927999"},
{"id":284,"label_id":"84-782-3658","shipping_tracking_code":"8158153801"},
{"id":285,"label_id":"99-451-2140","shipping_tracking_code":"8987938794"},
{"id":286,"label_id":"25-122-9890","shipping_tracking_code":"4334546013"},
{"id":287,"label_id":"65-987-5935","shipping_tracking_code":"6020989402"},
{"id":288,"label_id":"09-558-1420","shipping_tracking_code":"5448280757"},
{"id":289,"label_id":"75-646-8668","shipping_tracking_code":"1032476915"},
{"id":290,"label_id":"57-386-1499","shipping_tracking_code":"4191137751"},
{"id":291,"label_id":"61-981-7087","shipping_tracking_code":"6186428710"},
{"id":292,"label_id":"69-432-4916","shipping_tracking_code":"0586269126"},
{"id":293,"label_id":"19-226-9725","shipping_tracking_code":"3633262067"},
{"id":294,"label_id":"24-485-7445","shipping_tracking_code":"7169431254"},
{"id":295,"label_id":"76-027-0532","shipping_tracking_code":"1535343079"},
{"id":296,"label_id":"33-030-3781","shipping_tracking_code":"4621694790"},
{"id":297,"label_id":"27-920-5492","shipping_tracking_code":"3737368775"},
{"id":298,"label_id":"57-793-6892","shipping_tracking_code":"9295790219"},
{"id":299,"label_id":"02-101-0702","shipping_tracking_code":"4283792713"},
{"id":300,"label_id":"36-478-2805","shipping_tracking_code":"0582646456"},
{"id":301,"label_id":"49-747-4609","shipping_tracking_code":"1907989420"},
{"id":302,"label_id":"01-068-8771","shipping_tracking_code":"8859151902"},
{"id":303,"label_id":"96-049-4507","shipping_tracking_code":"7703669741"},
{"id":304,"label_id":"13-820-9472","shipping_tracking_code":"0223021547"},
{"id":305,"label_id":"43-807-9578","shipping_tracking_code":"7587928022"},
{"id":306,"label_id":"52-503-3538","shipping_tracking_code":"5994544299"},
{"id":307,"label_id":"35-963-5043","shipping_tracking_code":"8022062707"},
{"id":308,"label_id":"74-894-7244","shipping_tracking_code":"3847492608"},
{"id":309,"label_id":"71-526-0125","shipping_tracking_code":"6736174333"},
{"id":310,"label_id":"78-271-0025","shipping_tracking_code":"8585985909"},
{"id":311,"label_id":"47-670-1790","shipping_tracking_code":"8862818432"},
{"id":312,"label_id":"23-348-7970","shipping_tracking_code":"1215839901"},
{"id":313,"label_id":"55-487-8778","shipping_tracking_code":"6049475490"},
{"id":314,"label_id":"85-205-4876","shipping_tracking_code":"8082884827"},
{"id":315,"label_id":"22-252-5766","shipping_tracking_code":"7030693221"},
{"id":316,"label_id":"78-298-1212","shipping_tracking_code":"3200294914"},
{"id":317,"label_id":"98-229-5977","shipping_tracking_code":"4033187642"},
{"id":318,"label_id":"05-422-9509","shipping_tracking_code":"0373535406"},
{"id":319,"label_id":"00-497-1880","shipping_tracking_code":"9857501389"},
{"id":320,"label_id":"97-311-4213","shipping_tracking_code":"3188954913"},
{"id":321,"label_id":"37-199-0472","shipping_tracking_code":"1965701159"},
{"id":322,"label_id":"36-907-1112","shipping_tracking_code":"5757794968"},
{"id":323,"label_id":"70-355-9041","shipping_tracking_code":"1786218496"},
{"id":324,"label_id":"35-970-7846","shipping_tracking_code":"0509993427"},
{"id":325,"label_id":"18-474-5480","shipping_tracking_code":"9319477981"},
{"id":326,"label_id":"73-065-6703","shipping_tracking_code":"8930198465"},
{"id":327,"label_id":"09-930-1033","shipping_tracking_code":"6032189074"},
{"id":328,"label_id":"11-770-7105","shipping_tracking_code":"7213493760"},
{"id":329,"label_id":"48-559-5403","shipping_tracking_code":"2081766906"},
{"id":330,"label_id":"90-292-1172","shipping_tracking_code":"9689515675"},
{"id":331,"label_id":"62-324-5966","shipping_tracking_code":"3189893551"},
{"id":332,"label_id":"34-965-0996","shipping_tracking_code":"1908350954"},
{"id":333,"label_id":"51-882-8584","shipping_tracking_code":"2399501756"},
{"id":334,"label_id":"86-793-2416","shipping_tracking_code":"3122549344"},
{"id":335,"label_id":"66-596-9058","shipping_tracking_code":"9570201002"},
{"id":336,"label_id":"40-902-5072","shipping_tracking_code":"9576926483"},
{"id":337,"label_id":"61-730-1655","shipping_tracking_code":"1213240182"},
{"id":338,"label_id":"49-467-2255","shipping_tracking_code":"9530003242"},
{"id":339,"label_id":"62-722-0498","shipping_tracking_code":"4975554364"},
{"id":340,"label_id":"96-523-0959","shipping_tracking_code":"2560479087"},
{"id":341,"label_id":"37-097-7392","shipping_tracking_code":"5835935366"},
{"id":342,"label_id":"56-831-0517","shipping_tracking_code":"2147088900"},
{"id":343,"label_id":"17-436-1113","shipping_tracking_code":"3500112420"},
{"id":344,"label_id":"93-546-3280","shipping_tracking_code":"1270681206"},
{"id":345,"label_id":"17-063-8380","shipping_tracking_code":"8078878850"},
{"id":346,"label_id":"47-112-0127","shipping_tracking_code":"3652398041"},
{"id":347,"label_id":"50-439-9496","shipping_tracking_code":"5435723183"},
{"id":348,"label_id":"38-146-8175","shipping_tracking_code":"0452049237"},
{"id":349,"label_id":"53-058-7185","shipping_tracking_code":"7334359240"},
{"id":350,"label_id":"37-316-7947","shipping_tracking_code":"8809547349"},
{"id":351,"label_id":"27-020-4271","shipping_tracking_code":"9643152588"},
{"id":352,"label_id":"80-600-6294","shipping_tracking_code":"7894458511"},
{"id":353,"label_id":"16-551-6249","shipping_tracking_code":"0867125977"},
{"id":354,"label_id":"03-148-0580","shipping_tracking_code":"3441421310"},
{"id":355,"label_id":"39-862-3835","shipping_tracking_code":"0175154554"},
{"id":356,"label_id":"06-790-9476","shipping_tracking_code":"6634598002"},
{"id":357,"label_id":"41-082-6277","shipping_tracking_code":"6446690037"},
{"id":358,"label_id":"98-448-8637","shipping_tracking_code":"4339525200"},
{"id":359,"label_id":"07-018-5196","shipping_tracking_code":"5328482379"},
{"id":360,"label_id":"76-943-4995","shipping_tracking_code":"5509847433"},
{"id":361,"label_id":"44-866-9061","shipping_tracking_code":"0852892632"},
{"id":362,"label_id":"60-835-5782","shipping_tracking_code":"2725771048"},
{"id":363,"label_id":"06-270-1418","shipping_tracking_code":"5194912056"},
{"id":364,"label_id":"48-821-0149","shipping_tracking_code":"4479613641"},
{"id":365,"label_id":"82-183-9651","shipping_tracking_code":"9454254936"},
{"id":366,"label_id":"14-298-2454","shipping_tracking_code":"6936528163"},
{"id":367,"label_id":"61-044-6132","shipping_tracking_code":"7066382757"},
{"id":368,"label_id":"59-302-9738","shipping_tracking_code":"4648602404"},
{"id":369,"label_id":"88-980-8923","shipping_tracking_code":"2098029152"},
{"id":370,"label_id":"32-419-8276","shipping_tracking_code":"6825354361"},
{"id":371,"label_id":"23-273-7616","shipping_tracking_code":"3933776007"},
{"id":372,"label_id":"35-797-4728","shipping_tracking_code":"9824183264"},
{"id":373,"label_id":"83-715-7993","shipping_tracking_code":"1811212409"},
{"id":374,"label_id":"24-983-5676","shipping_tracking_code":"4206335575"},
{"id":375,"label_id":"90-753-0056","shipping_tracking_code":"4280950296"},
{"id":376,"label_id":"91-502-0062","shipping_tracking_code":"9833566057"},
{"id":377,"label_id":"69-036-2429","shipping_tracking_code":"3817637306"},
{"id":378,"label_id":"57-468-9274","shipping_tracking_code":"3169080768"},
{"id":379,"label_id":"61-672-6026","shipping_tracking_code":"9240017011"},
{"id":380,"label_id":"02-645-4241","shipping_tracking_code":"3794634489"},
{"id":381,"label_id":"53-829-4264","shipping_tracking_code":"6684117601"},
{"id":382,"label_id":"46-145-5571","shipping_tracking_code":"0590700987"},
{"id":383,"label_id":"69-079-0248","shipping_tracking_code":"9279568647"},
{"id":384,"label_id":"95-173-4070","shipping_tracking_code":"7142550066"},
{"id":385,"label_id":"95-592-9170","shipping_tracking_code":"4722059004"},
{"id":386,"label_id":"90-991-0991","shipping_tracking_code":"0628552963"},
{"id":387,"label_id":"76-236-0984","shipping_tracking_code":"3450966111"},
{"id":388,"label_id":"11-937-4914","shipping_tracking_code":"1818815893"},
{"id":389,"label_id":"64-228-4813","shipping_tracking_code":"6499169455"},
{"id":390,"label_id":"41-038-8950","shipping_tracking_code":"5254736038"},
{"id":391,"label_id":"92-885-6235","shipping_tracking_code":"3811611798"},
{"id":392,"label_id":"77-612-3590","shipping_tracking_code":"6062299048"},
{"id":393,"label_id":"86-312-2706","shipping_tracking_code":"3299039164"},
{"id":394,"label_id":"86-193-5427","shipping_tracking_code":"7503984015"},
{"id":395,"label_id":"53-328-8823","shipping_tracking_code":"9062647081"},
{"id":396,"label_id":"19-178-3820","shipping_tracking_code":"6474496169"},
{"id":397,"label_id":"04-960-7973","shipping_tracking_code":"5855015084"},
{"id":398,"label_id":"99-651-7150","shipping_tracking_code":"8451752691"},
{"id":399,"label_id":"55-061-2419","shipping_tracking_code":"3714217045"},
{"id":400,"label_id":"95-268-1258","shipping_tracking_code":"1909302988"},
{"id":401,"label_id":"55-410-6797","shipping_tracking_code":"8236320650"},
{"id":402,"label_id":"01-649-7426","shipping_tracking_code":"1988744377"},
{"id":403,"label_id":"65-708-6101","shipping_tracking_code":"6218340864"},
{"id":404,"label_id":"00-519-8738","shipping_tracking_code":"8723652411"},
{"id":405,"label_id":"35-740-1516","shipping_tracking_code":"0026461358"},
{"id":406,"label_id":"88-871-4009","shipping_tracking_code":"3960902158"},
{"id":407,"label_id":"83-484-2770","shipping_tracking_code":"2668105374"},
{"id":408,"label_id":"47-997-7275","shipping_tracking_code":"9017296801"},
{"id":409,"label_id":"28-907-7737","shipping_tracking_code":"4006276400"},
{"id":410,"label_id":"13-797-9734","shipping_tracking_code":"1819171736"},
{"id":411,"label_id":"16-921-1683","shipping_tracking_code":"1366690818"},
{"id":412,"label_id":"50-557-0441","shipping_tracking_code":"3416608054"},
{"id":413,"label_id":"35-112-2203","shipping_tracking_code":"7472178268"},
{"id":414,"label_id":"72-338-8401","shipping_tracking_code":"4763006126"},
{"id":415,"label_id":"01-168-0925","shipping_tracking_code":"6482333958"},
{"id":416,"label_id":"22-859-0044","shipping_tracking_code":"3457979871"},
{"id":417,"label_id":"22-072-0469","shipping_tracking_code":"8495946351"},
{"id":418,"label_id":"47-793-5038","shipping_tracking_code":"0895967901"},
{"id":419,"label_id":"95-147-1465","shipping_tracking_code":"0025311328"},
{"id":420,"label_id":"33-022-1335","shipping_tracking_code":"6103714141"},
{"id":421,"label_id":"55-524-3696","shipping_tracking_code":"4540221051"},
{"id":422,"label_id":"77-668-0523","shipping_tracking_code":"8293979380"},
{"id":423,"label_id":"38-793-7045","shipping_tracking_code":"1039649432"},
{"id":424,"label_id":"85-484-7712","shipping_tracking_code":"8940348028"},
{"id":425,"label_id":"82-819-9586","shipping_tracking_code":"0135013070"},
{"id":426,"label_id":"40-775-9846","shipping_tracking_code":"3209211213"},
{"id":427,"label_id":"80-291-1644","shipping_tracking_code":"4606806141"},
{"id":428,"label_id":"79-405-0851","shipping_tracking_code":"6354711828"},
{"id":429,"label_id":"09-479-7059","shipping_tracking_code":"2994911809"},
{"id":430,"label_id":"52-622-0569","shipping_tracking_code":"0124681743"},
{"id":431,"label_id":"91-313-4608","shipping_tracking_code":"5811438923"},
{"id":432,"label_id":"50-759-9932","shipping_tracking_code":"1203337167"},
{"id":433,"label_id":"11-807-1898","shipping_tracking_code":"1549027026"},
{"id":434,"label_id":"31-920-6691","shipping_tracking_code":"4470567302"},
{"id":435,"label_id":"53-609-0331","shipping_tracking_code":"8929741843"},
{"id":436,"label_id":"44-312-6650","shipping_tracking_code":"6857762678"},
{"id":437,"label_id":"00-167-6262","shipping_tracking_code":"6349795539"},
{"id":438,"label_id":"44-922-5794","shipping_tracking_code":"2648936793"},
{"id":439,"label_id":"45-410-2973","shipping_tracking_code":"6131287678"},
{"id":440,"label_id":"43-926-1365","shipping_tracking_code":"1322137382"},
{"id":441,"label_id":"85-136-5955","shipping_tracking_code":"6641022331"},
{"id":442,"label_id":"23-566-7125","shipping_tracking_code":"2114500861"},
{"id":443,"label_id":"80-414-5097","shipping_tracking_code":"6273636397"},
{"id":444,"label_id":"91-319-2086","shipping_tracking_code":"5926362148"},
{"id":445,"label_id":"10-967-8750","shipping_tracking_code":"4647138852"},
{"id":446,"label_id":"51-497-7192","shipping_tracking_code":"3506633880"},
{"id":447,"label_id":"02-866-4056","shipping_tracking_code":"7564819553"},
{"id":448,"label_id":"26-234-1897","shipping_tracking_code":"4444688165"},
{"id":449,"label_id":"47-805-7618","shipping_tracking_code":"4285897768"},
{"id":450,"label_id":"97-005-7390","shipping_tracking_code":"4930384559"},
{"id":451,"label_id":"56-356-7968","shipping_tracking_code":"1737802783"},
{"id":452,"label_id":"54-401-5798","shipping_tracking_code":"5212533325"},
{"id":453,"label_id":"78-227-7974","shipping_tracking_code":"2848746661"},
{"id":454,"label_id":"65-015-1148","shipping_tracking_code":"2217727443"},
{"id":455,"label_id":"54-879-8551","shipping_tracking_code":"6765048782"},
{"id":456,"label_id":"70-335-1337","shipping_tracking_code":"5841224352"},
{"id":457,"label_id":"00-754-1055","shipping_tracking_code":"2722661098"},
{"id":458,"label_id":"99-676-1263","shipping_tracking_code":"6183244872"},
{"id":459,"label_id":"65-321-3491","shipping_tracking_code":"3381831305"},
{"id":460,"label_id":"06-128-0346","shipping_tracking_code":"5944498889"},
{"id":461,"label_id":"68-702-7930","shipping_tracking_code":"5176311410"},
{"id":462,"label_id":"40-544-8588","shipping_tracking_code":"3652148630"},
{"id":463,"label_id":"10-385-4332","shipping_tracking_code":"6944835940"},
{"id":464,"label_id":"63-791-5316","shipping_tracking_code":"8506006597"},
{"id":465,"label_id":"57-107-0246","shipping_tracking_code":"5451399026"},
{"id":466,"label_id":"83-376-7613","shipping_tracking_code":"5328411056"},
{"id":467,"label_id":"18-455-7147","shipping_tracking_code":"5711013122"},
{"id":468,"label_id":"63-926-9289","shipping_tracking_code":"5236308976"},
{"id":469,"label_id":"79-762-4523","shipping_tracking_code":"8905376606"},
{"id":470,"label_id":"94-336-5880","shipping_tracking_code":"6871796290"},
{"id":471,"label_id":"74-878-9817","shipping_tracking_code":"3853248373"},
{"id":472,"label_id":"08-703-2711","shipping_tracking_code":"3622466995"},
{"id":473,"label_id":"80-174-9402","shipping_tracking_code":"2188973100"},
{"id":474,"label_id":"47-312-5267","shipping_tracking_code":"9100158577"},
{"id":475,"label_id":"39-319-0439","shipping_tracking_code":"6886405578"},
{"id":476,"label_id":"85-857-2586","shipping_tracking_code":"2999560826"},
{"id":477,"label_id":"61-592-3284","shipping_tracking_code":"3617602347"},
{"id":478,"label_id":"76-260-1878","shipping_tracking_code":"0624722074"},
{"id":479,"label_id":"06-762-4216","shipping_tracking_code":"4643652349"},
{"id":480,"label_id":"85-386-4018","shipping_tracking_code":"1899646027"},
{"id":481,"label_id":"56-828-7837","shipping_tracking_code":"6248721408"},
{"id":482,"label_id":"86-827-8858","shipping_tracking_code":"2631444019"},
{"id":483,"label_id":"17-419-7271","shipping_tracking_code":"0289984920"},
{"id":484,"label_id":"71-715-5036","shipping_tracking_code":"2588028829"},
{"id":485,"label_id":"03-755-2145","shipping_tracking_code":"7341031565"},
{"id":486,"label_id":"43-584-0710","shipping_tracking_code":"1801232962"},
{"id":487,"label_id":"70-969-4644","shipping_tracking_code":"9526686020"},
{"id":488,"label_id":"25-157-1033","shipping_tracking_code":"9579800154"},
{"id":489,"label_id":"51-224-4285","shipping_tracking_code":"7771303870"},
{"id":490,"label_id":"76-436-6520","shipping_tracking_code":"2526633001"},
{"id":491,"label_id":"53-236-6184","shipping_tracking_code":"4962387553"},
{"id":492,"label_id":"42-260-4391","shipping_tracking_code":"4942096588"},
{"id":493,"label_id":"86-258-1475","shipping_tracking_code":"9649954147"},
{"id":494,"label_id":"59-354-0847","shipping_tracking_code":"6754420227"},
{"id":495,"label_id":"06-122-1349","shipping_tracking_code":"7266552575"},
{"id":496,"label_id":"50-650-0890","shipping_tracking_code":"1186376783"},
{"id":497,"label_id":"33-656-7783","shipping_tracking_code":"5078790934"},
{"id":498,"label_id":"23-029-2519","shipping_tracking_code":"0523040385"},
{"id":499,"label_id":"15-063-3031","shipping_tracking_code":"2689350785"},
{"id":500,"label_id":"72-904-5786","shipping_tracking_code":"6496370958"},
{"id":501,"label_id":"70-368-5412","shipping_tracking_code":"9271681630"},
{"id":502,"label_id":"01-694-7859","shipping_tracking_code":"7020387640"},
{"id":503,"label_id":"79-873-6437","shipping_tracking_code":"4941062558"},
{"id":504,"label_id":"39-102-3256","shipping_tracking_code":"5516232848"},
{"id":505,"label_id":"57-588-5536","shipping_tracking_code":"5079244712"},
{"id":506,"label_id":"14-509-2478","shipping_tracking_code":"1793914648"},
{"id":507,"label_id":"01-907-5186","shipping_tracking_code":"2708933078"},
{"id":508,"label_id":"44-941-3463","shipping_tracking_code":"2615219294"},
{"id":509,"label_id":"84-507-1938","shipping_tracking_code":"3241486508"},
{"id":510,"label_id":"12-601-6170","shipping_tracking_code":"5827711640"},
{"id":511,"label_id":"41-343-4421","shipping_tracking_code":"8911257133"},
{"id":512,"label_id":"51-020-3476","shipping_tracking_code":"5289900659"},
{"id":513,"label_id":"16-275-1788","shipping_tracking_code":"6852941353"},
{"id":514,"label_id":"62-900-6393","shipping_tracking_code":"9153855086"},
{"id":515,"label_id":"19-503-4393","shipping_tracking_code":"7889842996"},
{"id":516,"label_id":"77-764-0686","shipping_tracking_code":"9465627321"},
{"id":517,"label_id":"12-081-7817","shipping_tracking_code":"8010041122"},
{"id":518,"label_id":"82-629-2565","shipping_tracking_code":"3633132643"},
{"id":519,"label_id":"47-696-9574","shipping_tracking_code":"1240834543"},
{"id":520,"label_id":"91-239-9885","shipping_tracking_code":"1218260076"},
{"id":521,"label_id":"49-230-8599","shipping_tracking_code":"7906024788"},
{"id":522,"label_id":"69-217-8263","shipping_tracking_code":"1464420157"},
{"id":523,"label_id":"90-810-3097","shipping_tracking_code":"2108693017"},
{"id":524,"label_id":"69-501-9484","shipping_tracking_code":"8133749697"},
{"id":525,"label_id":"20-271-0493","shipping_tracking_code":"2514201624"},
{"id":526,"label_id":"94-309-2444","shipping_tracking_code":"7423794635"},
{"id":527,"label_id":"33-855-0849","shipping_tracking_code":"9207105152"},
{"id":528,"label_id":"84-301-7956","shipping_tracking_code":"4005524621"},
{"id":529,"label_id":"39-378-1326","shipping_tracking_code":"8879125443"},
{"id":530,"label_id":"83-196-0380","shipping_tracking_code":"6352504876"},
{"id":531,"label_id":"13-448-6157","shipping_tracking_code":"7997077219"},
{"id":532,"label_id":"46-738-0689","shipping_tracking_code":"8591538463"},
{"id":533,"label_id":"89-682-8880","shipping_tracking_code":"7429169619"},
{"id":534,"label_id":"77-070-8246","shipping_tracking_code":"7797879613"},
{"id":535,"label_id":"45-093-9857","shipping_tracking_code":"8020729151"},
{"id":536,"label_id":"78-948-1525","shipping_tracking_code":"2999520972"},
{"id":537,"label_id":"59-270-9051","shipping_tracking_code":"9535951963"},
{"id":538,"label_id":"38-186-4018","shipping_tracking_code":"6611622349"},
{"id":539,"label_id":"04-163-9517","shipping_tracking_code":"5594013032"},
{"id":540,"label_id":"08-270-8988","shipping_tracking_code":"1753268605"},
{"id":541,"label_id":"88-561-1030","shipping_tracking_code":"1309899762"},
{"id":542,"label_id":"15-729-0943","shipping_tracking_code":"8323450773"},
{"id":543,"label_id":"55-275-3228","shipping_tracking_code":"9343464339"},
{"id":544,"label_id":"67-064-6463","shipping_tracking_code":"2565593678"},
{"id":545,"label_id":"84-872-7217","shipping_tracking_code":"0771307624"},
{"id":546,"label_id":"03-722-2601","shipping_tracking_code":"2537743164"},
{"id":547,"label_id":"55-039-5449","shipping_tracking_code":"5908697311"},
{"id":548,"label_id":"73-228-2276","shipping_tracking_code":"3595765850"},
{"id":549,"label_id":"17-115-5487","shipping_tracking_code":"2840887010"},
{"id":550,"label_id":"69-863-1680","shipping_tracking_code":"9463901744"},
{"id":551,"label_id":"98-412-7666","shipping_tracking_code":"9126219654"},
{"id":552,"label_id":"98-746-4445","shipping_tracking_code":"6974778775"},
{"id":553,"label_id":"30-042-9245","shipping_tracking_code":"3905564165"},
{"id":554,"label_id":"73-045-1622","shipping_tracking_code":"4812142520"},
{"id":555,"label_id":"33-434-4024","shipping_tracking_code":"6443180712"},
{"id":556,"label_id":"25-873-4986","shipping_tracking_code":"8161805741"},
{"id":557,"label_id":"24-168-4593","shipping_tracking_code":"2503215998"},
{"id":558,"label_id":"25-771-5510","shipping_tracking_code":"0241814685"},
{"id":559,"label_id":"04-442-4777","shipping_tracking_code":"8383103166"},
{"id":560,"label_id":"33-444-8995","shipping_tracking_code":"0728994933"},
{"id":561,"label_id":"37-476-9309","shipping_tracking_code":"7080577829"},
{"id":562,"label_id":"32-909-7033","shipping_tracking_code":"6759442229"},
{"id":563,"label_id":"06-887-2690","shipping_tracking_code":"8266960682"},
{"id":564,"label_id":"03-464-3393","shipping_tracking_code":"6778856319"},
{"id":565,"label_id":"31-813-6035","shipping_tracking_code":"4059181102"},
{"id":566,"label_id":"59-998-6970","shipping_tracking_code":"2582361321"},
{"id":567,"label_id":"41-471-1273","shipping_tracking_code":"7697279584"},
{"id":568,"label_id":"15-827-5993","shipping_tracking_code":"1135274509"},
{"id":569,"label_id":"46-297-6228","shipping_tracking_code":"7728125567"},
{"id":570,"label_id":"38-096-5938","shipping_tracking_code":"3818901694"},
{"id":571,"label_id":"44-471-5212","shipping_tracking_code":"3245911645"},
{"id":572,"label_id":"52-605-5835","shipping_tracking_code":"1706967586"},
{"id":573,"label_id":"00-294-4596","shipping_tracking_code":"2777391157"},
{"id":574,"label_id":"32-344-0626","shipping_tracking_code":"9772674718"},
{"id":575,"label_id":"84-053-7583","shipping_tracking_code":"9829913872"},
{"id":576,"label_id":"36-587-1971","shipping_tracking_code":"9365984785"},
{"id":577,"label_id":"83-264-6288","shipping_tracking_code":"8372561028"},
{"id":578,"label_id":"43-943-4396","shipping_tracking_code":"0840849826"},
{"id":579,"label_id":"06-240-6568","shipping_tracking_code":"1729203019"},
{"id":580,"label_id":"16-053-5620","shipping_tracking_code":"6212672636"},
{"id":581,"label_id":"90-070-9760","shipping_tracking_code":"1378840739"},
{"id":582,"label_id":"44-197-1436","shipping_tracking_code":"0752292439"},
{"id":583,"label_id":"49-086-0608","shipping_tracking_code":"3268328067"},
{"id":584,"label_id":"13-303-3394","shipping_tracking_code":"9795271377"},
{"id":585,"label_id":"56-222-9935","shipping_tracking_code":"1821177029"},
{"id":586,"label_id":"61-232-2946","shipping_tracking_code":"6426390801"},
{"id":587,"label_id":"38-855-3841","shipping_tracking_code":"3982184169"},
{"id":588,"label_id":"59-813-3462","shipping_tracking_code":"4179170345"},
{"id":589,"label_id":"44-658-1227","shipping_tracking_code":"1388484129"},
{"id":590,"label_id":"50-506-0757","shipping_tracking_code":"6391040508"},
{"id":591,"label_id":"30-949-6331","shipping_tracking_code":"2715746571"},
{"id":592,"label_id":"48-218-3207","shipping_tracking_code":"9818645057"},
{"id":593,"label_id":"27-077-1626","shipping_tracking_code":"1014331382"},
{"id":594,"label_id":"14-225-0252","shipping_tracking_code":"9261286216"},
{"id":595,"label_id":"15-697-0624","shipping_tracking_code":"4950922025"},
{"id":596,"label_id":"68-132-2999","shipping_tracking_code":"6727404119"},
{"id":597,"label_id":"94-111-8638","shipping_tracking_code":"4115464143"},
{"id":598,"label_id":"02-594-0816","shipping_tracking_code":"1955221170"},
{"id":599,"label_id":"00-577-2770","shipping_tracking_code":"4907812876"},
{"id":600,"label_id":"34-595-7298","shipping_tracking_code":"3767321440"},
{"id":601,"label_id":"49-849-0687","shipping_tracking_code":"5224651654"},
{"id":602,"label_id":"81-164-7440","shipping_tracking_code":"4493390972"},
{"id":603,"label_id":"74-462-7514","shipping_tracking_code":"5199666762"},
{"id":604,"label_id":"33-099-9117","shipping_tracking_code":"1910078271"},
{"id":605,"label_id":"74-310-2956","shipping_tracking_code":"4459933705"},
{"id":606,"label_id":"02-526-9396","shipping_tracking_code":"1017227411"},
{"id":607,"label_id":"91-852-3952","shipping_tracking_code":"3908262380"},
{"id":608,"label_id":"04-908-5927","shipping_tracking_code":"6008940067"},
{"id":609,"label_id":"49-499-8638","shipping_tracking_code":"5065960011"},
{"id":610,"label_id":"61-936-8906","shipping_tracking_code":"8324707794"},
{"id":611,"label_id":"21-207-0028","shipping_tracking_code":"2120949867"},
{"id":612,"label_id":"50-555-6302","shipping_tracking_code":"1655733214"},
{"id":613,"label_id":"15-152-6017","shipping_tracking_code":"9197011770"},
{"id":614,"label_id":"50-884-6335","shipping_tracking_code":"2302488970"},
{"id":615,"label_id":"72-468-1031","shipping_tracking_code":"9719405538"},
{"id":616,"label_id":"70-960-7325","shipping_tracking_code":"1206328746"},
{"id":617,"label_id":"06-304-9652","shipping_tracking_code":"5515421620"},
{"id":618,"label_id":"53-098-2728","shipping_tracking_code":"7120460471"},
{"id":619,"label_id":"07-194-8424","shipping_tracking_code":"5440771697"},
{"id":620,"label_id":"47-014-0131","shipping_tracking_code":"8183632122"},
{"id":621,"label_id":"50-094-6932","shipping_tracking_code":"5850169709"},
{"id":622,"label_id":"63-797-2852","shipping_tracking_code":"7383985966"},
{"id":623,"label_id":"42-748-7871","shipping_tracking_code":"7737397752"},
{"id":624,"label_id":"27-073-0194","shipping_tracking_code":"3164302894"},
{"id":625,"label_id":"28-534-0356","shipping_tracking_code":"2987510608"},
{"id":626,"label_id":"63-528-1838","shipping_tracking_code":"9777839006"},
{"id":627,"label_id":"61-654-4906","shipping_tracking_code":"6955079050"},
{"id":628,"label_id":"25-698-6711","shipping_tracking_code":"4440805949"},
{"id":629,"label_id":"51-363-9893","shipping_tracking_code":"7295945881"},
{"id":630,"label_id":"92-648-0586","shipping_tracking_code":"6734477282"},
{"id":631,"label_id":"13-596-1868","shipping_tracking_code":"7986540990"},
{"id":632,"label_id":"49-933-8222","shipping_tracking_code":"7480580258"},
{"id":633,"label_id":"36-500-5482","shipping_tracking_code":"9287074666"},
{"id":634,"label_id":"38-710-2651","shipping_tracking_code":"3803388031"},
{"id":635,"label_id":"58-202-0244","shipping_tracking_code":"2330928513"},
{"id":636,"label_id":"17-660-0474","shipping_tracking_code":"1522558160"},
{"id":637,"label_id":"71-259-6767","shipping_tracking_code":"4742217829"},
{"id":638,"label_id":"51-265-6184","shipping_tracking_code":"7337341199"},
{"id":639,"label_id":"52-691-5466","shipping_tracking_code":"7646538582"},
{"id":640,"label_id":"60-804-7756","shipping_tracking_code":"6282640970"},
{"id":641,"label_id":"18-025-1850","shipping_tracking_code":"2490142046"},
{"id":642,"label_id":"86-061-5581","shipping_tracking_code":"1735797820"},
{"id":643,"label_id":"19-711-9207","shipping_tracking_code":"8219484268"},
{"id":644,"label_id":"20-650-4475","shipping_tracking_code":"9975117163"},
{"id":645,"label_id":"84-677-9269","shipping_tracking_code":"5743451222"},
{"id":646,"label_id":"88-286-7383","shipping_tracking_code":"2570232920"},
{"id":647,"label_id":"33-644-7293","shipping_tracking_code":"8152147060"},
{"id":648,"label_id":"50-284-3168","shipping_tracking_code":"4883510743"},
{"id":649,"label_id":"19-482-3006","shipping_tracking_code":"8113166491"},
{"id":650,"label_id":"71-357-2039","shipping_tracking_code":"9899209872"},
{"id":651,"label_id":"15-997-3640","shipping_tracking_code":"3538615365"},
{"id":652,"label_id":"54-454-8634","shipping_tracking_code":"7817681430"},
{"id":653,"label_id":"71-487-8887","shipping_tracking_code":"5714936787"},
{"id":654,"label_id":"96-598-3515","shipping_tracking_code":"1096361795"},
{"id":655,"label_id":"77-522-9766","shipping_tracking_code":"2087791651"},
{"id":656,"label_id":"16-473-3838","shipping_tracking_code":"5724107449"},
{"id":657,"label_id":"18-114-1515","shipping_tracking_code":"6067708965"},
{"id":658,"label_id":"31-691-3825","shipping_tracking_code":"2000323073"},
{"id":659,"label_id":"91-568-0649","shipping_tracking_code":"8783969918"},
{"id":660,"label_id":"40-301-8207","shipping_tracking_code":"9234827236"},
{"id":661,"label_id":"35-042-8728","shipping_tracking_code":"6120183582"},
{"id":662,"label_id":"67-360-6821","shipping_tracking_code":"5313729837"},
{"id":663,"label_id":"20-147-8644","shipping_tracking_code":"1906763577"},
{"id":664,"label_id":"21-571-0459","shipping_tracking_code":"2039527982"},
{"id":665,"label_id":"01-381-8881","shipping_tracking_code":"3873669927"},
{"id":666,"label_id":"44-705-1789","shipping_tracking_code":"4194096266"},
{"id":667,"label_id":"13-037-7260","shipping_tracking_code":"4686273277"},
{"id":668,"label_id":"03-448-9432","shipping_tracking_code":"9176280241"},
{"id":669,"label_id":"69-896-4563","shipping_tracking_code":"0623247380"},
{"id":670,"label_id":"71-654-6030","shipping_tracking_code":"9111573171"},
{"id":671,"label_id":"04-867-6246","shipping_tracking_code":"5182520964"},
{"id":672,"label_id":"30-606-5854","shipping_tracking_code":"4269600543"},
{"id":673,"label_id":"73-442-5326","shipping_tracking_code":"2898292265"},
{"id":674,"label_id":"81-121-0530","shipping_tracking_code":"0552975648"},
{"id":675,"label_id":"31-744-4783","shipping_tracking_code":"2444422384"},
{"id":676,"label_id":"93-328-4970","shipping_tracking_code":"4238993772"},
{"id":677,"label_id":"87-179-7350","shipping_tracking_code":"8335840865"},
{"id":678,"label_id":"80-364-7626","shipping_tracking_code":"9507057633"},
{"id":679,"label_id":"16-773-5052","shipping_tracking_code":"1519447043"},
{"id":680,"label_id":"88-266-8041","shipping_tracking_code":"5590046394"},
{"id":681,"label_id":"77-060-4948","shipping_tracking_code":"2723558479"},
{"id":682,"label_id":"99-682-1039","shipping_tracking_code":"9999766242"},
{"id":683,"label_id":"59-206-5507","shipping_tracking_code":"9854479870"},
{"id":684,"label_id":"15-171-3686","shipping_tracking_code":"1072660725"},
{"id":685,"label_id":"93-882-7033","shipping_tracking_code":"0261206877"},
{"id":686,"label_id":"12-603-5289","shipping_tracking_code":"7737147764"},
{"id":687,"label_id":"03-788-9908","shipping_tracking_code":"0127074597"},
{"id":688,"label_id":"72-780-7863","shipping_tracking_code":"7133309025"},
{"id":689,"label_id":"06-767-3500","shipping_tracking_code":"7676956900"},
{"id":690,"label_id":"40-755-0630","shipping_tracking_code":"7683427942"},
{"id":691,"label_id":"97-592-9506","shipping_tracking_code":"5352589501"},
{"id":692,"label_id":"16-044-4991","shipping_tracking_code":"0879848014"},
{"id":693,"label_id":"04-885-7679","shipping_tracking_code":"4359180993"},
{"id":694,"label_id":"52-486-9142","shipping_tracking_code":"1677962054"},
{"id":695,"label_id":"14-286-1923","shipping_tracking_code":"8377132974"},
{"id":696,"label_id":"01-233-6446","shipping_tracking_code":"6865211960"},
{"id":697,"label_id":"74-347-2564","shipping_tracking_code":"5988944787"},
{"id":698,"label_id":"61-762-5158","shipping_tracking_code":"6878036364"},
{"id":699,"label_id":"76-646-7358","shipping_tracking_code":"9392314590"},
{"id":700,"label_id":"60-007-7198","shipping_tracking_code":"1878302329"},
{"id":701,"label_id":"28-404-6741","shipping_tracking_code":"8900265113"},
{"id":702,"label_id":"48-869-7577","shipping_tracking_code":"4051558088"},
{"id":703,"label_id":"93-772-1919","shipping_tracking_code":"7336870473"},
{"id":704,"label_id":"98-813-0229","shipping_tracking_code":"0540007048"},
{"id":705,"label_id":"46-836-7418","shipping_tracking_code":"6116202640"},
{"id":706,"label_id":"42-042-4560","shipping_tracking_code":"8509241848"},
{"id":707,"label_id":"49-540-1952","shipping_tracking_code":"9148251488"},
{"id":708,"label_id":"39-907-1936","shipping_tracking_code":"2599621615"},
{"id":709,"label_id":"08-011-8764","shipping_tracking_code":"0969518900"},
{"id":710,"label_id":"54-737-9834","shipping_tracking_code":"0479316996"},
{"id":711,"label_id":"68-498-0531","shipping_tracking_code":"0375066357"},
{"id":712,"label_id":"66-728-3685","shipping_tracking_code":"8565834352"},
{"id":713,"label_id":"12-340-9133","shipping_tracking_code":"4433300721"},
{"id":714,"label_id":"89-445-8206","shipping_tracking_code":"4453919360"},
{"id":715,"label_id":"42-879-3436","shipping_tracking_code":"1506275001"},
{"id":716,"label_id":"75-789-7200","shipping_tracking_code":"1825781311"},
{"id":717,"label_id":"88-140-8477","shipping_tracking_code":"3889478573"},
{"id":718,"label_id":"25-756-4141","shipping_tracking_code":"7180364134"},
{"id":719,"label_id":"53-808-2524","shipping_tracking_code":"4705768752"},
{"id":720,"label_id":"82-698-9842","shipping_tracking_code":"0716726920"},
{"id":721,"label_id":"00-924-0854","shipping_tracking_code":"4399789271"},
{"id":722,"label_id":"37-844-8545","shipping_tracking_code":"8548986166"},
{"id":723,"label_id":"93-197-4208","shipping_tracking_code":"8506324564"},
{"id":724,"label_id":"32-094-9988","shipping_tracking_code":"2936813085"},
{"id":725,"label_id":"40-264-6821","shipping_tracking_code":"6046028361"},
{"id":726,"label_id":"23-638-1073","shipping_tracking_code":"8186904867"},
{"id":727,"label_id":"23-648-8987","shipping_tracking_code":"5398921622"},
{"id":728,"label_id":"78-165-1372","shipping_tracking_code":"8596492682"},
{"id":729,"label_id":"75-398-7242","shipping_tracking_code":"6164055822"},
{"id":730,"label_id":"67-055-9492","shipping_tracking_code":"7654211538"},
{"id":731,"label_id":"97-843-2841","shipping_tracking_code":"7041021785"},
{"id":732,"label_id":"89-541-7346","shipping_tracking_code":"2082205487"},
{"id":733,"label_id":"74-438-0785","shipping_tracking_code":"5509060034"},
{"id":734,"label_id":"55-956-3018","shipping_tracking_code":"3237829757"},
{"id":735,"label_id":"94-750-4032","shipping_tracking_code":"8942587771"},
{"id":736,"label_id":"66-120-4723","shipping_tracking_code":"0296692832"},
{"id":737,"label_id":"25-100-0179","shipping_tracking_code":"9993227986"},
{"id":738,"label_id":"22-779-5145","shipping_tracking_code":"9452617489"},
{"id":739,"label_id":"71-476-0980","shipping_tracking_code":"2690853981"},
{"id":740,"label_id":"85-883-8252","shipping_tracking_code":"2861606207"},
{"id":741,"label_id":"27-826-2160","shipping_tracking_code":"8728153294"},
{"id":742,"label_id":"92-414-1553","shipping_tracking_code":"5858328164"},
{"id":743,"label_id":"23-326-8145","shipping_tracking_code":"5121891601"},
{"id":744,"label_id":"58-303-7617","shipping_tracking_code":"5783937312"},
{"id":745,"label_id":"08-191-0891","shipping_tracking_code":"1823715710"},
{"id":746,"label_id":"97-209-6034","shipping_tracking_code":"8922268328"},
{"id":747,"label_id":"59-995-2258","shipping_tracking_code":"7157837692"},
{"id":748,"label_id":"05-991-5813","shipping_tracking_code":"3565764538"},
{"id":749,"label_id":"54-848-8543","shipping_tracking_code":"7609018651"},
{"id":750,"label_id":"72-983-6863","shipping_tracking_code":"8870363538"},
{"id":751,"label_id":"32-479-4753","shipping_tracking_code":"0595912915"},
{"id":752,"label_id":"81-932-2156","shipping_tracking_code":"0093075162"},
{"id":753,"label_id":"25-197-0594","shipping_tracking_code":"8632548743"},
{"id":754,"label_id":"62-479-6149","shipping_tracking_code":"5087976212"},
{"id":755,"label_id":"35-012-8448","shipping_tracking_code":"0508428998"},
{"id":756,"label_id":"24-499-0862","shipping_tracking_code":"7985982825"},
{"id":757,"label_id":"42-767-0299","shipping_tracking_code":"0432110720"},
{"id":758,"label_id":"84-468-3125","shipping_tracking_code":"3002540048"},
{"id":759,"label_id":"32-154-5402","shipping_tracking_code":"6233792835"},
{"id":760,"label_id":"31-171-3478","shipping_tracking_code":"8556249035"},
{"id":761,"label_id":"38-947-9480","shipping_tracking_code":"6112274965"},
{"id":762,"label_id":"43-948-2233","shipping_tracking_code":"6582770349"},
{"id":763,"label_id":"01-238-4642","shipping_tracking_code":"0076536645"},
{"id":764,"label_id":"16-110-7841","shipping_tracking_code":"8271640852"},
{"id":765,"label_id":"46-167-4100","shipping_tracking_code":"9505195680"},
{"id":766,"label_id":"63-634-3960","shipping_tracking_code":"0819187313"},
{"id":767,"label_id":"23-056-7908","shipping_tracking_code":"6983816048"},
{"id":768,"label_id":"85-538-7594","shipping_tracking_code":"0864406436"},
{"id":769,"label_id":"39-714-4738","shipping_tracking_code":"1783893729"},
{"id":770,"label_id":"56-514-5296","shipping_tracking_code":"1333469896"},
{"id":771,"label_id":"31-498-0196","shipping_tracking_code":"5048127730"},
{"id":772,"label_id":"79-375-1690","shipping_tracking_code":"7765097210"},
{"id":773,"label_id":"31-974-7115","shipping_tracking_code":"9044319515"},
{"id":774,"label_id":"59-169-9297","shipping_tracking_code":"1186680385"},
{"id":775,"label_id":"64-956-5676","shipping_tracking_code":"8009441856"},
{"id":776,"label_id":"71-224-4082","shipping_tracking_code":"6518980052"},
{"id":777,"label_id":"30-638-1975","shipping_tracking_code":"3384557999"},
{"id":778,"label_id":"55-313-4589","shipping_tracking_code":"1741261694"},
{"id":779,"label_id":"96-115-7013","shipping_tracking_code":"6957395421"},
{"id":780,"label_id":"92-346-7397","shipping_tracking_code":"4002535320"},
{"id":781,"label_id":"95-799-6075","shipping_tracking_code":"0155545434"},
{"id":782,"label_id":"29-858-4107","shipping_tracking_code":"8219342528"},
{"id":783,"label_id":"06-716-3468","shipping_tracking_code":"8097381230"},
{"id":784,"label_id":"50-269-2966","shipping_tracking_code":"4001836998"},
{"id":785,"label_id":"58-692-4278","shipping_tracking_code":"9530398506"},
{"id":786,"label_id":"87-067-2274","shipping_tracking_code":"6814161680"},
{"id":787,"label_id":"38-986-5410","shipping_tracking_code":"1622612442"},
{"id":788,"label_id":"60-157-4259","shipping_tracking_code":"7038467352"},
{"id":789,"label_id":"43-530-8145","shipping_tracking_code":"7362267320"},
{"id":790,"label_id":"57-005-2787","shipping_tracking_code":"4049382636"},
{"id":791,"label_id":"80-042-3173","shipping_tracking_code":"5656214257"},
{"id":792,"label_id":"19-976-5069","shipping_tracking_code":"3226573381"},
{"id":793,"label_id":"86-915-4049","shipping_tracking_code":"3329335491"},
{"id":794,"label_id":"70-726-4267","shipping_tracking_code":"7873749045"},
{"id":795,"label_id":"31-570-1316","shipping_tracking_code":"6642623142"},
{"id":796,"label_id":"02-640-1564","shipping_tracking_code":"8528164047"},
{"id":797,"label_id":"26-765-6673","shipping_tracking_code":"2611533113"},
{"id":798,"label_id":"24-378-7564","shipping_tracking_code":"0818833106"},
{"id":799,"label_id":"66-863-6150","shipping_tracking_code":"1829705903"},
{"id":800,"label_id":"09-424-1467","shipping_tracking_code":"9898271930"},
{"id":801,"label_id":"43-836-5120","shipping_tracking_code":"2267934086"},
{"id":802,"label_id":"61-433-5435","shipping_tracking_code":"4717792238"},
{"id":803,"label_id":"37-469-7120","shipping_tracking_code":"7103505861"},
{"id":804,"label_id":"46-017-2638","shipping_tracking_code":"3624803263"},
{"id":805,"label_id":"37-151-4819","shipping_tracking_code":"0492296391"},
{"id":806,"label_id":"42-906-6051","shipping_tracking_code":"4911151315"},
{"id":807,"label_id":"59-031-5630","shipping_tracking_code":"9459923151"},
{"id":808,"label_id":"76-578-0076","shipping_tracking_code":"7158650480"},
{"id":809,"label_id":"55-169-2225","shipping_tracking_code":"2908345072"},
{"id":810,"label_id":"39-864-4521","shipping_tracking_code":"5949931300"},
{"id":811,"label_id":"15-187-3350","shipping_tracking_code":"4539210440"},
{"id":812,"label_id":"46-980-7163","shipping_tracking_code":"6412267069"},
{"id":813,"label_id":"47-122-5186","shipping_tracking_code":"2995791114"},
{"id":814,"label_id":"04-603-3300","shipping_tracking_code":"3924999767"},
{"id":815,"label_id":"34-116-2385","shipping_tracking_code":"1693356236"},
{"id":816,"label_id":"32-760-0660","shipping_tracking_code":"2923528360"},
{"id":817,"label_id":"14-783-6556","shipping_tracking_code":"9892243137"},
{"id":818,"label_id":"60-890-8432","shipping_tracking_code":"5843252205"},
{"id":819,"label_id":"99-026-5541","shipping_tracking_code":"3113373980"},
{"id":820,"label_id":"02-283-5029","shipping_tracking_code":"0957121105"},
{"id":821,"label_id":"48-430-5808","shipping_tracking_code":"1321211104"},
{"id":822,"label_id":"99-763-8771","shipping_tracking_code":"7134518868"},
{"id":823,"label_id":"40-790-4193","shipping_tracking_code":"8956944105"},
{"id":824,"label_id":"48-891-4299","shipping_tracking_code":"7772628110"},
{"id":825,"label_id":"76-103-1996","shipping_tracking_code":"2335445278"},
{"id":826,"label_id":"68-809-3793","shipping_tracking_code":"0841113386"},
{"id":827,"label_id":"93-226-4189","shipping_tracking_code":"2077628073"},
{"id":828,"label_id":"53-846-4202","shipping_tracking_code":"8210907689"},
{"id":829,"label_id":"48-724-9552","shipping_tracking_code":"1191461890"},
{"id":830,"label_id":"65-308-6570","shipping_tracking_code":"0209029943"},
{"id":831,"label_id":"64-413-2513","shipping_tracking_code":"4595194552"},
{"id":832,"label_id":"15-730-4667","shipping_tracking_code":"2392607893"},
{"id":833,"label_id":"06-235-2784","shipping_tracking_code":"7507002969"},
{"id":834,"label_id":"97-183-5690","shipping_tracking_code":"3359552873"},
{"id":835,"label_id":"41-766-4851","shipping_tracking_code":"0174701349"},
{"id":836,"label_id":"28-874-1709","shipping_tracking_code":"4635181146"},
{"id":837,"label_id":"97-690-0547","shipping_tracking_code":"3228003736"},
{"id":838,"label_id":"91-005-3044","shipping_tracking_code":"1822793432"},
{"id":839,"label_id":"67-790-9598","shipping_tracking_code":"9455561174"},
{"id":840,"label_id":"99-551-9777","shipping_tracking_code":"9595196363"},
{"id":841,"label_id":"31-629-3926","shipping_tracking_code":"6450946172"},
{"id":842,"label_id":"03-301-8739","shipping_tracking_code":"4427787606"},
{"id":843,"label_id":"88-990-1745","shipping_tracking_code":"7585229704"},
{"id":844,"label_id":"71-374-5358","shipping_tracking_code":"1982559071"},
{"id":845,"label_id":"11-345-7054","shipping_tracking_code":"6199456572"},
{"id":846,"label_id":"26-265-1042","shipping_tracking_code":"6919594706"},
{"id":847,"label_id":"83-651-4506","shipping_tracking_code":"1288621884"},
{"id":848,"label_id":"37-352-7309","shipping_tracking_code":"0312830424"},
{"id":849,"label_id":"81-750-4823","shipping_tracking_code":"5006754591"},
{"id":850,"label_id":"84-512-0543","shipping_tracking_code":"7268446810"},
{"id":851,"label_id":"82-745-6440","shipping_tracking_code":"8938286983"},
{"id":852,"label_id":"06-670-6902","shipping_tracking_code":"0003536572"},
{"id":853,"label_id":"83-919-0877","shipping_tracking_code":"6609952213"},
{"id":854,"label_id":"24-068-0164","shipping_tracking_code":"0179370731"},
{"id":855,"label_id":"88-218-0508","shipping_tracking_code":"1354225678"},
{"id":856,"label_id":"32-120-1101","shipping_tracking_code":"4633396994"},
{"id":857,"label_id":"29-993-9656","shipping_tracking_code":"5103227436"},
{"id":858,"label_id":"67-923-8427","shipping_tracking_code":"7959175330"},
{"id":859,"label_id":"38-247-0251","shipping_tracking_code":"7841646968"},
{"id":860,"label_id":"93-377-4585","shipping_tracking_code":"2728585636"},
{"id":861,"label_id":"63-265-5645","shipping_tracking_code":"3098407808"},
{"id":862,"label_id":"75-383-0395","shipping_tracking_code":"5953989148"},
{"id":863,"label_id":"29-597-3286","shipping_tracking_code":"3781575373"},
{"id":864,"label_id":"96-888-0866","shipping_tracking_code":"9744425679"},
{"id":865,"label_id":"32-558-0255","shipping_tracking_code":"3634200413"},
{"id":866,"label_id":"22-381-8352","shipping_tracking_code":"8212904652"},
{"id":867,"label_id":"74-026-5342","shipping_tracking_code":"8442305173"},
{"id":868,"label_id":"95-395-8449","shipping_tracking_code":"3431461298"},
{"id":869,"label_id":"45-324-5681","shipping_tracking_code":"9017327316"},
{"id":870,"label_id":"49-741-4021","shipping_tracking_code":"6167751943"},
{"id":871,"label_id":"70-928-4239","shipping_tracking_code":"3889942180"},
{"id":872,"label_id":"05-852-7193","shipping_tracking_code":"7931811488"},
{"id":873,"label_id":"23-000-3306","shipping_tracking_code":"6858362991"},
{"id":874,"label_id":"67-146-4657","shipping_tracking_code":"5710769096"},
{"id":875,"label_id":"51-955-4932","shipping_tracking_code":"6812717770"},
{"id":876,"label_id":"01-897-9072","shipping_tracking_code":"3206661188"},
{"id":877,"label_id":"42-295-5888","shipping_tracking_code":"0152446451"},
{"id":878,"label_id":"88-354-7267","shipping_tracking_code":"8627441537"},
{"id":879,"label_id":"57-235-3079","shipping_tracking_code":"6493462525"},
{"id":880,"label_id":"15-711-9124","shipping_tracking_code":"1219590851"},
{"id":881,"label_id":"15-429-0431","shipping_tracking_code":"8968969612"},
{"id":882,"label_id":"53-808-8223","shipping_tracking_code":"9157301956"},
{"id":883,"label_id":"34-831-8403","shipping_tracking_code":"3334980863"},
{"id":884,"label_id":"53-275-8189","shipping_tracking_code":"4593783526"},
{"id":885,"label_id":"60-120-0596","shipping_tracking_code":"8131636623"},
{"id":886,"label_id":"38-170-3269","shipping_tracking_code":"0008920109"},
{"id":887,"label_id":"23-824-1720","shipping_tracking_code":"8009113069"},
{"id":888,"label_id":"93-850-0756","shipping_tracking_code":"2485078823"},
{"id":889,"label_id":"21-998-1914","shipping_tracking_code":"8171608078"},
{"id":890,"label_id":"52-904-6833","shipping_tracking_code":"8129236966"},
{"id":891,"label_id":"16-368-3749","shipping_tracking_code":"5825923586"},
{"id":892,"label_id":"09-504-9387","shipping_tracking_code":"7880023291"},
{"id":893,"label_id":"12-452-8855","shipping_tracking_code":"2957651300"},
{"id":894,"label_id":"98-835-9544","shipping_tracking_code":"2418808173"},
{"id":895,"label_id":"26-575-0937","shipping_tracking_code":"3546397266"},
{"id":896,"label_id":"44-127-1036","shipping_tracking_code":"2529576084"},
{"id":897,"label_id":"80-750-9242","shipping_tracking_code":"6965540303"},
{"id":898,"label_id":"16-419-2070","shipping_tracking_code":"3573968767"},
{"id":899,"label_id":"25-287-7260","shipping_tracking_code":"3893728473"},
{"id":900,"label_id":"90-528-5207","shipping_tracking_code":"4145562453"},
{"id":901,"label_id":"09-749-7212","shipping_tracking_code":"6988177205"},
{"id":902,"label_id":"10-392-4593","shipping_tracking_code":"4990077733"},
{"id":903,"label_id":"33-655-3647","shipping_tracking_code":"7515812184"},
{"id":904,"label_id":"59-654-8025","shipping_tracking_code":"0131142933"},
{"id":905,"label_id":"17-766-7500","shipping_tracking_code":"0555115968"},
{"id":906,"label_id":"89-919-4138","shipping_tracking_code":"4363551267"},
{"id":907,"label_id":"95-368-0122","shipping_tracking_code":"3359340027"},
{"id":908,"label_id":"79-912-4880","shipping_tracking_code":"0955106389"},
{"id":909,"label_id":"73-166-8769","shipping_tracking_code":"8719897529"},
{"id":910,"label_id":"86-244-4647","shipping_tracking_code":"3404167457"},
{"id":911,"label_id":"06-835-4893","shipping_tracking_code":"0604596952"},
{"id":912,"label_id":"83-996-5099","shipping_tracking_code":"1220036641"},
{"id":913,"label_id":"01-607-9249","shipping_tracking_code":"1225720826"},
{"id":914,"label_id":"34-196-6498","shipping_tracking_code":"5745792256"},
{"id":915,"label_id":"60-259-8016","shipping_tracking_code":"9473668686"},
{"id":916,"label_id":"93-717-3725","shipping_tracking_code":"7307249634"},
{"id":917,"label_id":"63-878-2932","shipping_tracking_code":"5341344294"},
{"id":918,"label_id":"83-871-5332","shipping_tracking_code":"6463692409"},
{"id":919,"label_id":"07-582-4888","shipping_tracking_code":"7812571920"},
{"id":920,"label_id":"97-559-3133","shipping_tracking_code":"1083719092"},
{"id":921,"label_id":"17-345-1947","shipping_tracking_code":"7096300201"},
{"id":922,"label_id":"47-079-1413","shipping_tracking_code":"8080459894"},
{"id":923,"label_id":"94-060-3013","shipping_tracking_code":"1650217730"},
{"id":924,"label_id":"92-889-9422","shipping_tracking_code":"8631224294"},
{"id":925,"label_id":"31-253-5720","shipping_tracking_code":"1838846468"},
{"id":926,"label_id":"65-989-2915","shipping_tracking_code":"0878362126"},
{"id":927,"label_id":"86-288-8672","shipping_tracking_code":"3707275663"},
{"id":928,"label_id":"93-936-9574","shipping_tracking_code":"3502147833"},
{"id":929,"label_id":"41-087-5226","shipping_tracking_code":"3972962363"},
{"id":930,"label_id":"81-936-5233","shipping_tracking_code":"8822598237"},
{"id":931,"label_id":"76-043-4400","shipping_tracking_code":"5601039682"},
{"id":932,"label_id":"17-488-1162","shipping_tracking_code":"1289391238"},
{"id":933,"label_id":"36-924-8468","shipping_tracking_code":"5416089806"},
{"id":934,"label_id":"66-515-6411","shipping_tracking_code":"1238550851"},
{"id":935,"label_id":"22-938-3475","shipping_tracking_code":"9189806743"},
{"id":936,"label_id":"51-354-0767","shipping_tracking_code":"0111868750"},
{"id":937,"label_id":"16-606-7388","shipping_tracking_code":"9092435376"},
{"id":938,"label_id":"03-889-3877","shipping_tracking_code":"4455145168"},
{"id":939,"label_id":"92-275-0465","shipping_tracking_code":"8546513694"},
{"id":940,"label_id":"06-761-0507","shipping_tracking_code":"1904922082"},
{"id":941,"label_id":"70-029-1447","shipping_tracking_code":"9439694742"},
{"id":942,"label_id":"23-210-4638","shipping_tracking_code":"3942030616"},
{"id":943,"label_id":"73-198-1837","shipping_tracking_code":"0524419264"},
{"id":944,"label_id":"09-363-2164","shipping_tracking_code":"0150399294"},
{"id":945,"label_id":"51-582-8927","shipping_tracking_code":"9016665633"},
{"id":946,"label_id":"22-081-9316","shipping_tracking_code":"7364748350"},
{"id":947,"label_id":"57-700-6695","shipping_tracking_code":"0607512652"},
{"id":948,"label_id":"66-834-1799","shipping_tracking_code":"9579141754"},
{"id":949,"label_id":"05-446-5565","shipping_tracking_code":"0490978657"},
{"id":950,"label_id":"78-019-6439","shipping_tracking_code":"3074246006"},
{"id":951,"label_id":"18-836-7310","shipping_tracking_code":"1648252478"},
{"id":952,"label_id":"22-318-3855","shipping_tracking_code":"8751351951"},
{"id":953,"label_id":"13-012-9100","shipping_tracking_code":"1999842332"},
{"id":954,"label_id":"99-974-2355","shipping_tracking_code":"5241569286"},
{"id":955,"label_id":"72-753-2092","shipping_tracking_code":"2228050466"},
{"id":956,"label_id":"36-708-2247","shipping_tracking_code":"4255065144"},
{"id":957,"label_id":"86-235-5167","shipping_tracking_code":"4443181881"},
{"id":958,"label_id":"39-542-4004","shipping_tracking_code":"2345398205"},
{"id":959,"label_id":"81-994-8439","shipping_tracking_code":"4433428647"},
{"id":960,"label_id":"95-288-7431","shipping_tracking_code":"4629774726"},
{"id":961,"label_id":"64-524-8682","shipping_tracking_code":"6799879962"},
{"id":962,"label_id":"59-065-2487","shipping_tracking_code":"3391570091"},
{"id":963,"label_id":"21-859-3414","shipping_tracking_code":"5057561391"},
{"id":964,"label_id":"03-647-9255","shipping_tracking_code":"0234000090"},
{"id":965,"label_id":"20-744-8556","shipping_tracking_code":"4372155093"},
{"id":966,"label_id":"08-153-2533","shipping_tracking_code":"7618522987"},
{"id":967,"label_id":"11-438-9458","shipping_tracking_code":"6203980234"},
{"id":968,"label_id":"89-715-4736","shipping_tracking_code":"8262056213"},
{"id":969,"label_id":"96-277-6793","shipping_tracking_code":"7138390521"},
{"id":970,"label_id":"83-407-5750","shipping_tracking_code":"5843722848"},
{"id":971,"label_id":"19-636-4436","shipping_tracking_code":"8620292323"},
{"id":972,"label_id":"16-999-6843","shipping_tracking_code":"4643483202"},
{"id":973,"label_id":"72-625-7669","shipping_tracking_code":"6196834703"},
{"id":974,"label_id":"93-894-4208","shipping_tracking_code":"2729180400"},
{"id":975,"label_id":"86-531-5269","shipping_tracking_code":"8234000225"},
{"id":976,"label_id":"71-169-7628","shipping_tracking_code":"2680636503"},
{"id":977,"label_id":"66-802-3792","shipping_tracking_code":"2731492449"},
{"id":978,"label_id":"91-888-7484","shipping_tracking_code":"3495387897"},
{"id":979,"label_id":"78-605-3500","shipping_tracking_code":"8492163593"},
{"id":980,"label_id":"16-594-6951","shipping_tracking_code":"8719853149"},
{"id":981,"label_id":"11-405-6127","shipping_tracking_code":"1811591205"},
{"id":982,"label_id":"51-533-2075","shipping_tracking_code":"4163060499"},
{"id":983,"label_id":"05-194-6136","shipping_tracking_code":"5861113874"},
{"id":984,"label_id":"88-559-0913","shipping_tracking_code":"8435731863"},
{"id":985,"label_id":"39-609-7901","shipping_tracking_code":"5937628527"},
{"id":986,"label_id":"30-585-6400","shipping_tracking_code":"3505451150"},
{"id":987,"label_id":"26-338-7381","shipping_tracking_code":"6082993918"},
{"id":988,"label_id":"51-107-7257","shipping_tracking_code":"3002582069"},
{"id":989,"label_id":"09-585-5075","shipping_tracking_code":"6407830729"},
{"id":990,"label_id":"78-536-8666","shipping_tracking_code":"6276602469"},
{"id":991,"label_id":"10-242-3046","shipping_tracking_code":"9911386929"},
{"id":992,"label_id":"05-679-8313","shipping_tracking_code":"9678753022"},
{"id":993,"label_id":"59-698-1321","shipping_tracking_code":"6555732628"},
{"id":994,"label_id":"39-227-4733","shipping_tracking_code":"2543289151"},
{"id":995,"label_id":"12-543-5378","shipping_tracking_code":"6736130514"},
{"id":996,"label_id":"76-198-9580","shipping_tracking_code":"5738538099"},
{"id":997,"label_id":"33-782-2009","shipping_tracking_code":"5603492104"},
{"id":998,"label_id":"58-100-1142","shipping_tracking_code":"7975590274"},
{"id":999,"label_id":"22-547-4647","shipping_tracking_code":"4089819695"},
{"id":1000,"label_id":"78-624-8022","shipping_tracking_code":"1524931292"}]